-- Active: 1728688414725@@127.0.0.1@3306@ec1_si1n
#FASE 1: CRIAR O BANCO DE DADOS (SCHEMA OU DATABASE):
#MEU PRIMEIRO BANQUINHO
#CREATE SCHEMA EC1_SI1N;

#FASE 2: SELECIONAR O NOVO SCHEMA OU DATABASE PARA USO:
#USANDO MEU BANQUINHO
USE EC1_SI1N;


# FASE 3: CRIANDO AS TABELAS SEM CHAVES ESTRANGEIRAS

#CRIANDO A TABELINHA FORNECEDORES
DROP TABLE FORNECEDORES;
CREATE TABLE IF NOT EXISTS FORNECEDORES(
#NOMEDOATRIBUTO - TIPO - RESTRIÇÃO DE INTEGRIDADE(OPCIONAL)
FORNEC_COD INT PRIMARY KEY,
FORNEC_NOME VARCHAR(45)NOT NULL,
FORNEC_RUA VARCHAR(45) NOT NULL,
FORNEC_NUMRUA INT,
FORNEC_BAIRRO VARCHAR(45) NOT NULL,
FORNEC_CIDADE VARCHAR(45),
FORNEC_ESTADO VARCHAR(45),
FORNEC_PAIS VARCHAR(30),
FORNEC_CODPOSTAL VARCHAR(10),
FORNEC_TELEFONE VARCHAR(15) ,
FORNEC_CONTATO TEXT 
);
ALTER TABLE FORNECEDORES
ADD COLUMN FORNEC_CNPJ VARCHAR(14) NOT NULL;
ALTER TABLE FORNECEDORES
CHANGE COLUMN FORNEC_NUMRUA FORNEC_NUMERORUA  VARCHAR(10) NOT NULL;
ALTER TABLE FORNECEDORES
CHANGE COLUMN FORNEC_NUMERORUA FORNEC_NUMRUA INT NOT NULL;
ALTER TABLE FORNECEDORES
DROP COLUMN FORNEC_NOME;
ALTER TABLE FORNECEDORES
MODIFY COLUMN FORNEC_RUA VARCHAR(50);

INSERT INTO FORNECEDORES(
    FORNEC_COD, FORNEC_NOME, FORNEC_RUA, FORNEC_NUMRUA, FORNEC_BAIRRO, FORNEC_CIDADE, FORNEC_ESTADO, FORNEC_PAIS, FORNEC_CODPOSTAL, FORNEC_TELEFONE, FORNEC_CONTATO
) VALUES
(100, 'Empresa 1', 'Av 1', NULL, 'Bairro 1', 'Cidade 1', 'Estado 1', 'Pais 1', '12345-678', '27-99999-8888', 'contato 1'),
(101, 'Empresa 2', 'Av 2', NULL, 'Bairro 2', 'Cidade 2', 'Estado 2', 'Pais 1', '12345-677', '27-99999-8887', 'contato 2'),
(102, 'Empresa 3', 'Av 3', NULL, 'Bairro 3', 'Cidade 3', 'Estado 3', 'Pais 1', '12345-676', '27-99999-8886', 'contato 3'),
(103, 'Empresa 4', 'Av 4', NULL, 'Bairro 4', 'Cidade 4', 'Estado 4', 'Pais 1', '12345-675', '27-99999-8885', 'contato 4'),
(104, 'Empresa 5', 'Av 5', NULL, 'Bairro 5', 'Cidade 5', 'Estado 5', 'Pais 1', '12345-674', '27-99999-8884', 'contato 5');

UPDATE FORNECEDORES
SET FORNEC_PAIS = 'Pais 2'
WHERE FORNEC_COD = 100;
UPDATE FORNECEDORES
SET FORNEC_PAIS = 'Pais 2'
WHERE FORNEC_COD = 101;

DELETE FROM FORNECEDORES
WHERE FORNEC_RUA = 'Av 2';

#CRIANDO A TABELINHA FILIAIS
DROP TABLE FILIAIS;
CREATE TABLE IF NOT EXISTS FILIAIS(
FILIAL_COD INT PRIMARY KEY,
FILIAL_NOME VARCHAR(45) NOT NULL,
FILIAL_RUA VARCHAR(100) NOT NULL,
FILIAL_NUMRUA INT,
FILIAL_BAIRRO VARCHAR(50) NOT NULL,
FILIAL_CIDADE VARCHAR(50) NOT NULL,
FILIAL_ESTADO VARCHAR(50) NOT NULL,
FILIAL_PAIS VARCHAR(50) NOT NULL,
FILIAL_CODPOSTAL VARCHAR(10) NOT NULL,
FILIAL_CAPACIDADE INT NOT NULL);

ALTER TABLE FILIAIS
ADD COLUMN FILIAL_TELEFONE VARCHAR(15);

ALTER TABLE FILIAIS
CHANGE COLUMN FILIAL_TELEFONE FILIAL_CONTATO VARCHAR(20);

ALTER TABLE FILIAIS
CHANGE COLUMN FILIAL_CONTATO FILIAL_TELEFONE VARCHAR(20);
ALTER TABLE FILIAIS
DROP COLUMN FILIAL_CONTATO;
ALTER TABLE FILIAIS
MODIFY COLUMN FILIAL_NOME VARCHAR(30);


INSERT INTO FILIAIS(
    FILIAL_COD, FILIAL_NOME, FILIAL_RUA, FILIAL_BAIRRO, FILIAL_CIDADE, FILIAL_ESTADO, FILIAL_PAIS, FILIAL_CODPOSTAL, FILIAL_CAPACIDADE
) VALUES
(200, 'Empresa 1', 'Av 1', 'Bairro 1', 'Cidade 1', 'Estado 1', 'Pais 1', '12345-678', 50),
(201, 'Empresa 2', 'Av 2', 'Bairro 2', 'Cidade 2', 'Estado 2', 'Pais 1', '12345-677', 51),
(202, 'Empresa 3', 'Av 3', 'Bairro 3', 'Cidade 3', 'Estado 3', 'Pais 1', '12345-676', 52),
(203, 'Empresa 4', 'Av 4', 'Bairro 4', 'Cidade 4', 'Estado 4', 'Pais 1', '12345-675', 53),
(204, 'Empresa 5', 'Av 5', 'Bairro 5', 'Cidade 5', 'Estado 5', 'Pais 1', '12345-674', 54);

UPDATE FILIAIS
SET FILIAL_PAIS = 'Pais 2'
WHERE FILIAL_COD = 200;

UPDATE FILIAIS
SET FILIAL_PAIS = 'Pais 2'
WHERE FILIAL_COD = 201;

DELETE FROM FILIAIS
WHERE FILIAL_RUA = 'Av 2';

#CRIANDO A TABELINHA PRODUTOS
DROP TABLE PRODUTOS;
CREATE TABLE IF NOT EXISTS PRODUTOS(
PROD_COD INT PRIMARY KEY,
PROD_QUANT DECIMAL(10,3),
PROD_NOME VARCHAR(50) NOT NULL,
PROD_DESCRICAO TEXT NOT NULL,
PROD_ESPECTEC TEXT NOT NULL,
PROD_PRECOUNIT DECIMAL(10,2) NOT NULL,
PROD_UNIDMEDIDA VARCHAR(15) NOT NULL,
PROD_ESTOQ_MIN DECIMAL(10,3) NOT NULL
);

ALTER TABLE PRODUTOS
ADD COLUMN PROD_CATEGORIA VARCHAR(30) NOT NULL;

ALTER TABLE PRODUTOS
CHANGE COLUMN PROD_CATEGORIA PROD_TIPO VARCHAR(50);

ALTER TABLE PRODUTOS
CHANGE COLUMN PROD_TIPO PROD_CATEGORIA VARCHAR(30);

ALTER TABLE PRODUTOS
DROP COLUMN PROD_CATEGORIA;

ALTER TABLE PRODUTOS
MODIFY COLUMN PROD_PRECOUNIT DECIMAL(12,2) NOT NULL;

INSERT INTO PRODUTOS(
    PROD_COD, PROD_QUANT, PROD_NOME, PROD_DESCRICAO, PROD_ESPECTEC,  PROD_PRECOUNIT, PROD_UNIDMEDIDA, PROD_ESTOQ_MIN, PROD_CATEGORIA
) VALUES
(300, 1000000.11, 'Produto 1', 'Descricao 1', 'Especificacao tecnica 1',  '100.99', 'Ml', '12345.678', 'Categoria_1'),
(301, 100000.22, 'Produto 2', 'Descricao 2', 'Especificacao tecnica 2',  '200.99', '"T"', '12345.677', 'Categoria_2'),
(302, 10000.33, 'Produto 3', 'Descricao 3', 'Especificacao tecnica 3',  '300.99', '"kg "', '12345.676', 'Categoria_3'),
(303, 1000.44, 'Produto 4', 'Descricao 4', 'Especificacao tecnica 4',  '400.99', '"G "', '12345.675', 'Categoria_4'),
(304, 100.55, 'Produto 5', 'Descricao 5', 'Especificacao tecnica 5',  '500.99', '"Mg"', '12345.674', 'Categoria_5');

UPDATE PRODUTOS
SET PROD_DESCRICAO = 'Descricao 10'
WHERE PROD_COD = 300;

UPDATE PRODUTOS
SET PROD_DESCRICAO = 'Descricao 20'
WHERE PROD_COD = 301;

DELETE FROM PRODUTOS
WHERE PROD_DESCRICAO = 'Descricao 3';

#FASE 4: CRIAR AS TABELAS COM DEPENDÊNCIA DE CHAVE ESTRANGEIRA

#CRIANDO A TABELA PEDIDOS
DROP TABLE IF EXISTS PEDIDOS;

CREATE TABLE IF NOT EXISTS PEDIDOS (
    PED_CODIGO INT PRIMARY KEY,
    PED_DATA DATE NOT NULL,
    PED_HORA TIME NOT NULL,
    PED_PREVISAO DATE NOT NULL,
    PED_STATUS ENUM('PENDENTE', 'CONCLUÍDO', 'EM ESPERA'),
    Fornec_COD INT,
    #NOSSA CHAVE ESTRANGEIRA DE FORNECEDOR
    #CRIANDO A REFERENCIA PARA A CHAVE ESTRANGEIRA
    #RESTRIÇÃO APELIDO CH.ESTRANGEIRA(CAMPO CRIADO) REFERENCIA TABELA(CH.PRIMÁRIA)
    CONSTRAINT FK_For_Ped FOREIGN KEY (Fornec_COD)
    #DAR NOME A RESTRIÇÃO(CONSTRAINT) É UMA BOA PRÁTICA
    REFERENCES FORNECEDORES(FORNEC_COD)
    #REFERENCIA A CHAVE PRIMÁRIA DE FORNECEDORES
);

-- Inserção de dados na tabela PEDIDOS com estrutura correta
INSERT INTO PEDIDOS (
    PED_CODIGO, PED_DATA, PED_HORA, PED_PREVISAO, PED_STATUS, Fornec_COD
) VALUES
    (400, '2024-11-10', '09:00:00', '2024-11-20', 'PENDENTE', 100),
    (401, '2024-11-09', '10:00:00', '2024-11-21', 'CONCLUÍDO', 101),
    (402, '2024-11-08', '11:00:00', '2024-11-22', 'EM ESPERA', 102),
    (403, '2024-11-07', '12:00:00', '2024-11-23', 'EM ESPERA', 103),
    (404, '2024-11-06', '13:00:00', '2024-11-24', 'CONCLUÍDO', 104);

ALTER TABLE PEDIDOS
CHANGE COLUMN PED_PREVISAO PED_PREV DATE NOT NULL;

ALTER TABLE PEDIDOS
CHANGE COLUMN  PED_PREV PED_PREVISAO DATE NOT NULL;

UPDATE PEDIDOS
SET PED_STATUS = 'CONCLUÍDO'
WHERE PED_CODIGO = 402;

UPDATE PEDIDOS
SET PED_STATUS = 'PENDENTE'
WHERE PED_CODIGO = 403;
DELETE FROM PEDIDOS
WHERE PED_STATUS = 'CONCLUÍDO';

#CRIANDO A TABELA RECEBIMENTOS (VEIO DEPOIS POIS TEM DEPENDÊNCIA DE PEDIDOS)
DROP TABLE RECEBIMENTOS;
CREATE TABLE IF NOT EXISTS RECEBIMENTOS (
    RECEB_PEDIDOS INT PRIMARY KEY,
    RECEB_DATA DATE NOT NULL,
    RECEB_HORA TIME NOT NULL,
    RECEB_QUANT_PROD DECIMAL(10,3),
    RECEB_CONDICAO TEXT NOT NULL,
    PED_Codigo INT,
    CONSTRAINT FK_PEDIDOS FOREIGN KEY(PED_Codigo) 
    REFERENCES PEDIDOS(PED_CODIGO)
);

ALTER TABLE RECEBIMENTOS
CHANGE COLUMN RECEB_CONDICAO RECEB_COND TEXT NOT NULL;

ALTER TABLE RECEBIMENTOS
CHANGE COLUMN RECEB_COND RECEB_CONDICAO TEXT NOT NULL;

INSERT INTO RECEBIMENTOS (RECEB_PEDIDOS, PED_Codigo, RECEB_DATA, RECEB_HORA, RECEB_QUANT_PROD, RECEB_CONDICAO) VALUES
    (500, 400, '2024-11-13', '09:30:00', 100.05, 'Bom'),
    (501, 401, '2024-11-14', '14:00:00', 100.04, 'Excelente'),
    (502, 402, '2024-11-15', '16:45:00', 100.03, 'Pequenas Avarias'),
    (503, 403, '2024-11-16', '08:15:00', 100.02, 'Quebrado'),
    (504, 404, '2024-11-17', '11:00:00', 100.01, 'Destruído');

UPDATE RECEBIMENTOS
SET RECEB_CONDICAO = 'Excelente'
WHERE RECEB_PEDIDOS = 502;

UPDATE RECEBIMENTOS
SET RECEB_CONDICAO = 'Bom'
WHERE RECEB_PEDIDOS = 503;

DELETE FROM RECEBIMENTOS
WHERE RECEB_DATA = '2024-11-15';


#FASE 5: CRIANDO AS TABELAS ASSOCIATIVAS (ENTIDADES ASSOCIATIVAS)

#CRIANDO A TABELA PEDIDOS_PRODUTOS
DROP TABLE IF EXISTS PEDIDOS_PRODUTOS;
CREATE TABLE IF NOT EXISTS PEDIDOS_PRODUTOS(
PDPR_PEDIDOS INT,
PDPR_PRODUTOS INT,
PRIMARY KEY(PDPR_PEDIDOS,PDPR_PRODUTOS),
CONSTRAINT PDPR_FK_PEDIDOS FOREIGN KEY(PDPR_PEDIDOS) REFERENCES PEDIDOS(PED_CODIGO),
CONSTRAINT PDPR_FK_PRODUTOS FOREIGN KEY(PDPR_PRODUTOS) REFERENCES PRODUTOS(PROD_COD)
);
ALTER TABLE PEDIDOS_PRODUTOS
CHANGE COLUMN PDPR_PEDIDOS PDPR_PED INT NOT NULL;

ALTER TABLE PEDIDOS_PRODUTOS
CHANGE COLUMN PDPR_PED PDPR_PEDIDOS INT NOT NULL;
INSERT INTO PEDIDOS_PRODUTOS(PDPR_PEDIDOS, PDPR_PRODUTOS)
VALUES
(400, 300),
(401, 301),
(402, 302),
(403, 303),
(404, 304);

UPDATE PEDIDOS_PRODUTOS
SET PDPR_PRODUTOS = 305
WHERE PDPR_PEDIDOS = 400;

UPDATE PEDIDOS_PRODUTOS
SET PDPR_PRODUTOS = 405
WHERE PDPR_PEDIDOS = 305;

DELETE FROM PEDIDOS_PRODUTOS
WHERE PDPR_PEDIDOS = 304;

#CRIANDO A TABELA FILIAIS_PRODUTOS
DROP TABLE IF EXISTS FILIAIS_PRODUTOS;
CREATE TABLE IF NOT EXISTS FILIAIS_PRODUTOS(
FLPR_FILIAL INT,
FLPR_PRODUTOS INT,
PRIMARY KEY(FLPR_FILIAL,FLPR_PRODUTOS),
CONSTRAINT FLPR_FK_FILIAIS FOREIGN KEY(FLPR_FILIAL) REFERENCES FILIAIS(FILIAL_COD),
CONSTRAINT FLPR_FK_PRODUTOS FOREIGN KEY(FLPR_PRODUTOS) 
REFERENCES PRODUTOS(PROD_COD)
);
ALTER TABLE FILIAIS_PRODUTOS
CHANGE COLUMN FLPR_FILIAL FLPR_FILIAIS INT NOT NULL;

ALTER TABLE FILIAIS_PRODUTOS
CHANGE COLUMN FLPR_FILIAIS FLPR_FILIAL INT NOT NULL;
INSERT INTO FILIAIS_PRODUTOS(FLPR_FILIAL, FLPR_PRODUTOS)
VALUES
(200, 300/*200,305-->205,305*/),
(201, 301/*210,301*/),
(202, 302),
(203, 303),
(204, 304);

UPDATE FILIAIS_PRODUTOS
SET FLPR_FILIAL = 205
WHERE FLPR_PRODUTOS = 305;

UPDATE FILIAIS_PRODUTOS
SET FLPR_FILIAL = 210
WHERE FLPR_PRODUTOS = 301;

DELETE FROM FILIAIS_PRODUTOS
WHERE FLPR_FILIAL = 204;

#CRIAR A TABELA FORNECEDORES_PRODUTOS
DROP TABLE IF EXISTS FORNECEDORES_PRODUTOS;
CREATE TABLE IF NOT EXISTS FORNECEDORES_PRODUTOS(
    Fornec_COD INT,
    Prod_COD INT,
    PRIMARY KEY(Fornec_COD, Prod_COD),
    CONSTRAINT FORPROD_FK_FORNE FOREIGN KEY(Fornec_COD) REFERENCES FORNECEDORES(FORNEC_COD),
    CONSTRAINT FORPROD_FK_PROD FOREIGN KEY(Prod_COD) REFERENCES PRODUTOS(PROD_COD)
);

ALTER TABLE FORNECEDORES_PRODUTOS
CHANGE COLUMN Fornec_COD FORNEC_CODIGO INT;

ALTER TABLE FORNECEDORES_PRODUTOS
CHANGE COLUMN FORNEC_CODIGO Fornec_COD INT;

INSERT INTO FORNECEDORES_PRODUTOS(Fornec_COD, Prod_COD) 
VALUES
(100, 300),
(101, 301),
(102, 302),
(103, 303),
(104, 304);

UPDATE FORNECEDORES_PRODUTOS
SET Fornec_COD = 105
WHERE Prod_COD = 305;

UPDATE FORNECEDORES_PRODUTOS
SET Fornec_COD = 110
WHERE Prod_COD = 301;

DELETE FROM FORNECEDORES_PRODUTOS
WHERE Fornec_COD = 104;